Country,Crop,Year,Area_harvested_ha,Production_t,Yield_t_ha,Rainfall_mm_year,Temp_C_mean,Solar_rad_MJ_m2_day_mean
Ethiopia,Maize,1993,838450.0,1455920.0,1.7364000000000002,2137.4968,19.379166666666663,20.716666666666665
Ethiopia,Maize,1994,1242740.0,1396230.0,1.1235,1856.2312,19.789166666666667,21.589166666666667
Ethiopia,Maize,1995,1464080.0,1989700.0,1.359,1706.162,20.134166666666665,20.769166666666667
Ethiopia,Maize,1996,1880580.0,3164180.0,1.6826,2425.4592,19.5675,20.460833333333333
Ethiopia,Maize,1997,1718270.0,2986500.0,1.7381,1953.9436,20.0675,21.00166666666667
Ethiopia,Maize,1998,1449300.0,2344300.0,1.6175,2113.4492,20.05333333333333,20.586666666666662
Ethiopia,Maize,1999,1651350.0,2832070.0,1.715,1678.766,19.63583333333333,21.28
Ethiopia,Maize,2000,1655750.0,2682940.0,1.6204,1415.46,19.871666666666663,21.08
Ethiopia,Maize,2001,1892690.0,3298330.0,1.7427,1080.62,20.526666666666667,20.365
Ethiopia,Maize,2002,1506759.0,2825555.0,1.8753,1009.6948,21.47083333333333,21.023333333333333
Ethiopia,Maize,2003,1791115.0,2743880.0,1.5319,973.1668,21.5975,20.891666666666666
Ethiopia,Maize,2004,1801566.0,2906314.0,1.6132,1012.13,21.241666666666667,20.805
Ethiopia,Maize,2005,1950115.0,3911869.0,2.006,1228.254,20.569166666666664,21.24833333333333
Ethiopia,Maize,2006,1526125.0,4029630.0,2.6404,1977.3824,20.3875,20.519166666666667
Ethiopia,Maize,2007,2348154.0,4281077.53,1.8232,1883.6272,19.735833333333336,20.71
Ethiopia,Maize,2008,2374989.0,4473011.03,1.8834,1722.5996,19.8875,21.105833333333333
Ethiopia,Maize,2009,2416619.0,4796706.24,1.9849,1689.42,20.258333333333333,21.280833333333334
Ethiopia,Maize,2010,2499980.0,5481405.9,2.1926,2134.7572,20.04583333333333,19.93
Ethiopia,Maize,2011,2587240.0,5747070.0,2.2213000000000003,1346.6656,20.005,21.026666666666667
Ethiopia,Maize,2012,2583900.0,6700800.7,2.5933,1517.1296000000002,20.40333333333333,21.12333333333333
Ethiopia,Maize,2013,2593066.0,7105706.19,2.7403000000000004,2221.5112000000004,20.015,20.724166666666665
Ethiopia,Maize,2014,2620090.0,7729849.74,2.9502,2282.3912000000005,19.855,20.55666666666667
Ethiopia,Maize,2015,2957510.0,8211424.38,2.7765,1865.972,20.624166666666667,21.596666666666664
Ethiopia,Maize,2016,3002159.0,8846787.38,2.9468,2278.7384,20.269166666666667,20.65083333333333
Ethiopia,Maize,2017,3166792.0,10488192.84,3.3119,2081.4872,20.19333333333333,20.9975
Ethiopia,Maize,2018,3255852.0,10864092.0,3.3368,1539.6552,20.41583333333333,20.755
Ethiopia,Maize,2019,3161370.0,11555370.0,3.6552,1991.6892000000005,20.66333333333333,20.57583333333333
Ethiopia,Maize,2020,2949450.0,10945980.0,3.7112,2396.2368000000006,20.25583333333333,20.609166666666667
Ethiopia,Maize,2021,3419008.0,11737527.72,3.433,2081.4872,20.071666666666665,20.784166666666668
Ethiopia,Maize,2022,3397887.0,11853521.14,3.4885,1763.0848,20.524166666666662,20.486666666666668
Ethiopia,Maize,2023,3376888.0,11512342.95,3.4092,2422.4152000000004,20.438333333333333,20.546666666666667
Ethiopia,Maize,2024,3397928.0,11701130.61,3.4436,2092.1412,20.620833333333334,19.999166666666667
Ethiopia,Millet,1993,176030.0,135251.0,0.7683,2137.4968,19.379166666666663,20.716666666666665
Ethiopia,Millet,1994,250670.0,176658.0,0.7047,1856.2312,19.789166666666667,21.589166666666667
Ethiopia,Millet,1995,230390.0,154084.0,0.6688,1706.162,20.134166666666665,20.769166666666667
Ethiopia,Millet,1996,273120.0,243657.0,0.8921,2425.4592,19.5675,20.460833333333333
Ethiopia,Millet,1997,292180.0,296200.0,1.0138,1953.9436,20.0675,21.00166666666667
Ethiopia,Millet,1998,290580.0,259559.0,0.8932,2113.4492,20.05333333333333,20.586666666666662
Ethiopia,Millet,1999,447560.0,382345.0,0.8543,1678.766,19.63583333333333,21.28
Ethiopia,Millet,2000,361000.0,320090.0,0.8867,1415.46,19.871666666666663,21.08
Ethiopia,Millet,2001,346780.0,316166.0,0.9117,1080.62,20.526666666666667,20.365
Ethiopia,Millet,2002,281458.0,306180.0,1.0878,1009.6948,21.47083333333333,21.023333333333333
Ethiopia,Millet,2003,304758.0,305101.0,1.0011,973.1668,21.5975,20.891666666666666
Ethiopia,Millet,2004,314251.0,332890.0,1.0593,1012.13,21.241666666666667,20.805
Ethiopia,Millet,2005,334992.0,397390.0,1.1863,1228.254,20.569166666666664,21.24833333333333
Ethiopia,Millet,2006,390977.0,500171.0,1.2793,1977.3824,20.3875,20.519166666666667
Ethiopia,Millet,2007,385294.0,408912.06,1.0613,1883.6272,19.735833333333336,20.71
Ethiopia,Millet,2008,411246.0,498941.27,1.2132,1722.5996,19.8875,21.105833333333333
Ethiopia,Millet,2009,380069.0,539916.73,1.4206,1689.42,20.258333333333333,21.280833333333334
Ethiopia,Millet,2010,408110.0,634826.0,1.5555,2134.7572,20.04583333333333,19.93
Ethiopia,Millet,2011,432561.0,651851.0,1.507,1346.6656,20.005,21.026666666666667
Ethiopia,Millet,2012,433364.0,651851.0,1.5042,1517.1296000000002,20.40333333333333,21.12333333333333
Ethiopia,Millet,2013,431732.0,742297.0,1.7193,2221.5112000000004,20.015,20.724166666666665
Ethiopia,Millet,2014,455063.0,848959.0,1.8656,2282.3912000000005,19.855,20.55666666666667
Ethiopia,Millet,2015,465508.0,1036443.88,2.2265,1865.972,20.624166666666667,21.596666666666664
Ethiopia,Millet,2016,456172.0,1017059.0,2.2296,2278.7384,20.269166666666667,20.65083333333333
Ethiopia,Millet,2017,456057.0,1030823.15,2.2603,2081.4872,20.19333333333333,20.9975
Ethiopia,Millet,2018,446909.0,1035629.57,2.3173000000000004,1539.6552,20.41583333333333,20.755
Ethiopia,Millet,2019,455580.0,1125957.87,2.4715,1991.6892000000005,20.66333333333333,20.57583333333333
Ethiopia,Millet,2020,480511.0,1218581.54,2.536,2396.2368000000006,20.25583333333333,20.609166666666667
Ethiopia,Millet,2021,480853.0,1204076.45,2.504,2081.4872,20.071666666666665,20.784166666666668
Ethiopia,Millet,2022,369372.0,945681.21,2.5602,1763.0848,20.524166666666662,20.486666666666668
Ethiopia,Millet,2023,450000.0,1100000.0,2.4444,2422.4152000000004,20.438333333333333,20.546666666666667
Ethiopia,Millet,2024,455000.0,1125000.0,2.4725,2092.1412,20.620833333333334,19.999166666666667
Ghana,Cassava,1984,250000.0,2200000.0,8.8,1231.6024,26.550833333333333,19.70416666666667
Ghana,Cassava,1985,289954.0,2300000.0,7.932300000000001,1296.4396000000002,26.1725,19.47
Ghana,Cassava,1986,387200.0,2876200.0,7.428199999999999,1271.4788,26.2025,19.539166666666667
Ghana,Cassava,1987,389500.0,2725800.0,6.9982,1246.8224,27.763333333333332,19.44083333333333
Ghana,Cassava,1988,444000.0,3300000.0,7.432399999999999,1234.0376,26.91,19.26333333333333
Ghana,Cassava,1989,446000.0,3320000.0,7.443899999999999,1349.1008000000002,26.453333333333333,19.3725
Ghana,Cassava,1990,322800.0,2717000.0,8.417,1019.4356,27.19833333333333,19.374166666666667
Ghana,Cassava,1991,534700.0,5701500.0,10.663,1181.9851999999998,27.16416666666667,19.164166666666667
Ghana,Cassava,1992,551900.0,5662000.0,10.2591,943.0312,26.849166666666665,19.195
Ghana,Cassava,1993,531800.0,5972600.0,11.2309,1187.16,26.96666666666667,19.3525
Ghana,Cassava,1994,520400.0,6025000.0,11.5776,1073.9232,26.9525,19.3425
Ghana,Cassava,1995,551300.0,6611400.0,11.9924,1183.8116,26.90083333333333,19.114166666666662
Ghana,Cassava,1996,590668.0,7111180.0,12.0392,1190.2040000000002,27.036666666666665,19.31583333333333
Ghana,Cassava,1997,589300.0,6999509.0,11.8777,1341.7951999999998,26.555833333333336,19.299166666666668
Ghana,Cassava,1998,629680.0,7171500.0,11.3891,804.8336,28.363333333333333,19.336666666666662
Ghana,Cassava,1999,640300.0,7845440.0,12.2528,1158.8508,27.250833333333333,19.1825
Ghana,Cassava,2000,660100.0,8106800.0,12.2812,832.2296000000001,27.578333333333333,19.045
Ghana,Cassava,2001,726357.0,8965840.0,12.3436,829.1856,27.88,19.5425
Ghana,Cassava,2002,794440.0,9731040.0,12.2489,930.2464,27.7875,19.37666666666667
Ghana,Cassava,2003,807200.0,10239340.0,12.685,1190.8128000000002,27.60333333333333,19.40333333333333
Ghana,Cassava,2004,783947.0,9738812.0,12.4228,1062.6603999999998,27.141666666666666,18.684166666666663
Ghana,Cassava,2005,750000.0,9567000.0,12.756,1029.7852,27.376666666666665,18.6125
Ghana,Cassava,2006,790000.0,9638000.0,12.2,965.2524,27.51,18.945833333333333
Ghana,Cassava,2007,800530.0,10217930.0,12.764,1274.5228,26.631666666666664,18.64
Ghana,Cassava,2008,839920.0,11351100.0,13.5145,1113.4952,26.538333333333338,18.84083333333333
Ghana,Cassava,2009,885800.0,12230600.0,13.8074,1223.3836,27.084166666666665,18.79083333333333
Ghana,Cassava,2010,875013.0,13504086.0,15.433,1353.9712000000002,27.299166666666668,18.62333333333333
Ghana,Cassava,2011,889364.0,14240867.0,16.0124,1133.5856,26.3275,19.195833333333333
Ghana,Cassava,2012,868550.0,14547279.0,16.748900000000003,1354.2756,26.51083333333333,18.563333333333333
Ghana,Cassava,2013,875185.0,15989940.0,18.2704,933.5948,27.221666666666664,19.045
Ghana,Cassava,2014,888847.0,17798217.0,20.0239,1032.2204000000002,27.905833333333334,18.99833333333333
Ghana,Cassava,2015,916544.0,17212756.0,18.7801,949.728,27.63583333333333,19.0025
Ghana,Cassava,2016,938725.0,17798217.0,18.96,1106.7984,27.499166666666667,18.794166666666666
Ghana,Cassava,2017,917000.0,19008724.86,20.7293,806.3556,27.97083333333333,18.88083333333333
Ghana,Cassava,2018,977000.0,20845959.96,21.3367,1005.7376,27.495,19.01
Ghana,Cassava,2019,1021000.0,22750000.0,22.2821,1087.9255999999998,27.675833333333333,19.2425
Ghana,Cassava,2020,1061000.0,24368000.0,22.967,1030.394,27.276666666666667,19.115
Ghana,Cassava,2021,1051000.0,24997000.0,23.784,1091.8828,27.7775,19.3375
Ghana,Cassava,2022,1048809.0,25607885.35,24.4162,1322.0092,26.808333333333334,18.78833333333333
Ghana,Cassava,2023,1060877.0,26598173.66,25.071900000000003,1209.99,27.25333333333333,18.97083333333333
Ghana,Cassava,2024,1079366.0,27917780.52,25.865,891.2832000000001,27.975,18.845
Ghana,Maize,1984,724000.0,696000.0,0.9613,1231.6024,26.550833333333333,19.70416666666667
Ghana,Maize,1985,579000.0,584000.0,1.0086,1296.4396000000002,26.1725,19.47
Ghana,Maize,1986,472000.0,559100.0,1.1845,1271.4788,26.2025,19.539166666666667
Ghana,Maize,1987,548000.0,597700.0,1.0907,1246.8224,27.763333333333332,19.44083333333333
Ghana,Maize,1988,540000.0,751000.0,1.3907,1234.0376,26.91,19.26333333333333
Ghana,Maize,1989,567000.0,715000.0,1.261,1349.1008000000002,26.453333333333333,19.3725
Ghana,Maize,1990,464800.0,552600.0,1.1889,1019.4356,27.19833333333333,19.374166666666667
Ghana,Maize,1991,610400.0,931500.0,1.526,1181.9851999999998,27.16416666666667,19.164166666666667
Ghana,Maize,1992,606800.0,730600.0,1.204,943.0312,26.849166666666665,19.195
Ghana,Maize,1993,636700.0,960900.0,1.5092,1187.16,26.96666666666667,19.3525
Ghana,Maize,1994,629400.0,939908.0,1.4932999999999998,1073.9232,26.9525,19.3425
Ghana,Maize,1995,688600.0,1034300.0,1.502,1183.8116,26.90083333333333,19.114166666666662
Ghana,Maize,1996,664950.0,1007610.0,1.5153,1190.2040000000002,27.036666666666665,19.31583333333333
Ghana,Maize,1997,651600.0,996000.0,1.5285,1341.7951999999998,26.555833333333336,19.299166666666668
Ghana,Maize,1998,696620.0,1034500.0,1.485,804.8336,28.363333333333333,19.336666666666662
Ghana,Maize,1999,696900.0,1014450.0,1.4557,1158.8508,27.250833333333333,19.1825
Ghana,Maize,2000,694700.0,1012700.0,1.4578,832.2296000000001,27.578333333333333,19.045
Ghana,Maize,2001,713303.0,937973.0,1.315,829.1856,27.88,19.5425
Ghana,Maize,2002,939600.0,1400000.0,1.49,930.2464,27.7875,19.37666666666667
Ghana,Maize,2003,791900.0,1288600.0,1.6272,1190.8128000000002,27.60333333333333,19.40333333333333
Ghana,Maize,2004,732955.0,1157621.0,1.5794,1062.6603999999998,27.141666666666666,18.684166666666663
Ghana,Maize,2005,750000.0,1171000.0,1.5613,1029.7852,27.376666666666665,18.6125
Ghana,Maize,2006,793000.0,1189000.0,1.4994,965.2524,27.51,18.945833333333333
Ghana,Maize,2007,790070.0,1219600.0,1.5437,1274.5228,26.631666666666664,18.64
Ghana,Maize,2008,846260.0,1470080.0,1.7371,1113.4952,26.538333333333338,18.84083333333333
Ghana,Maize,2009,954430.0,1619590.0,1.6969,1223.3836,27.084166666666665,18.79083333333333
Ghana,Maize,2010,991669.0,1871695.0,1.8874,1353.9712000000002,27.299166666666668,18.62333333333333
Ghana,Maize,2011,1023177.0,1683984.0,1.6458,1133.5856,26.3275,19.195833333333333
Ghana,Maize,2012,1042083.0,1949897.0,1.8712,1354.2756,26.51083333333333,18.563333333333333
Ghana,Maize,2013,1023459.0,1764477.0,1.724,933.5948,27.221666666666664,19.045
Ghana,Maize,2014,1019000.0,1762000.0,1.7291,1032.2204000000002,27.905833333333334,18.99833333333333
Ghana,Maize,2015,880250.0,1691643.9,1.9218,949.728,27.63583333333333,19.0025
Ghana,Maize,2016,883031.0,1721910.12,1.95,1106.7984,27.499166666666667,18.794166666666666
Ghana,Maize,2017,1000000.0,2011179.42,2.0112,806.3556,27.97083333333333,18.88083333333333
Ghana,Maize,2018,1021000.0,2306383.95,2.2589,1005.7376,27.495,19.01
Ghana,Maize,2019,1150000.0,2911000.0,2.5313000000000003,1087.9255999999998,27.675833333333333,19.2425
Ghana,Maize,2020,1189000.0,3071000.0,2.5828,1030.394,27.276666666666667,19.115
Ghana,Maize,2021,1266000.0,3203000.0,2.53,1091.8828,27.7775,19.3375
Ghana,Maize,2022,1300000.0,3255718.0,2.5044,1322.0092,26.808333333333334,18.78833333333333
Ghana,Maize,2023,1300000.0,3579000.0,2.7531,1209.99,27.25333333333333,18.97083333333333
Ghana,Maize,2024,1368623.0,3794000.0,2.7721,891.2832000000001,27.975,18.845
Ghana,Millet,1984,231000.0,139000.0,0.6017,1231.6024,26.550833333333333,19.70416666666667
Ghana,Millet,1985,185000.0,112000.0,0.6053999999999999,1296.4396000000002,26.1725,19.47
Ghana,Millet,1986,156000.0,110000.0,0.7051000000000001,1271.4788,26.2025,19.539166666666667
Ghana,Millet,1987,235000.0,173100.0,0.7366,1246.8224,27.763333333333332,19.44083333333333
Ghana,Millet,1988,228000.0,139000.0,0.6096,1234.0376,26.91,19.26333333333333
Ghana,Millet,1989,244000.0,180000.0,0.7377,1349.1008000000002,26.453333333333333,19.3725
Ghana,Millet,1990,124000.0,74500.0,0.6008,1019.4356,27.19833333333333,19.374166666666667
Ghana,Millet,1991,208500.0,112400.0,0.5391,1181.9851999999998,27.16416666666667,19.164166666666667
Ghana,Millet,1992,209700.0,133300.0,0.6357,943.0312,26.849166666666665,19.195
Ghana,Millet,1993,203700.0,198100.0,0.9725,1187.16,26.96666666666667,19.3525
Ghana,Millet,1994,191200.0,167826.0,0.8777999999999999,1073.9232,26.9525,19.3425
Ghana,Millet,1995,204000.0,200800.0,0.9843,1183.8116,26.90083333333333,19.114166666666662
Ghana,Millet,1996,189600.0,193300.0,1.0195,1190.2040000000002,27.036666666666665,19.31583333333333
Ghana,Millet,1997,170000.0,143500.0,0.8441000000000001,1341.7951999999998,26.555833333333336,19.299166666666668
Ghana,Millet,1998,180730.0,172000.0,0.9517,804.8336,28.363333333333333,19.336666666666662
Ghana,Millet,1999,186000.0,159750.0,0.8589,1158.8508,27.250833333333333,19.1825
Ghana,Millet,2000,208000.0,169400.0,0.8144,832.2296000000001,27.578333333333333,19.045
Ghana,Millet,2001,192972.0,134370.0,0.6962999999999999,829.1856,27.88,19.5425
Ghana,Millet,2002,198010.0,159120.0,0.8036,930.2464,27.7875,19.37666666666667
Ghana,Millet,2003,206600.0,175740.0,0.8506,1190.8128000000002,27.60333333333333,19.40333333333333
Ghana,Millet,2004,182232.0,143798.0,0.7891,1062.6603999999998,27.141666666666666,18.684166666666663
Ghana,Millet,2005,185000.0,185000.0,1.0,1029.7852,27.376666666666665,18.6125
Ghana,Millet,2006,200000.0,165000.0,0.825,965.2524,27.51,18.945833333333333
Ghana,Millet,2007,162710.0,113040.0,0.6947000000000001,1274.5228,26.631666666666664,18.64
Ghana,Millet,2008,182230.0,193840.0,1.0637,1113.4952,26.538333333333338,18.84083333333333
Ghana,Millet,2009,186700.0,245550.0,1.3152,1223.3836,27.084166666666665,18.79083333333333
Ghana,Millet,2010,176600.0,218952.0,1.2398,1353.9712000000002,27.299166666666668,18.62333333333333
Ghana,Millet,2011,178676.0,183922.0,1.0294,1133.5856,26.3275,19.195833333333333
Ghana,Millet,2012,172470.0,179684.0,1.0418,1354.2756,26.51083333333333,18.563333333333333
Ghana,Millet,2013,160737.0,155131.0,0.9651,933.5948,27.221666666666664,19.045
Ghana,Millet,2014,162000.0,155000.0,0.9568,1032.2204000000002,27.905833333333334,18.99833333333333
Ghana,Millet,2015,162236.0,157369.21,0.97,949.728,27.63583333333333,19.0025
Ghana,Millet,2016,162263.0,159017.27,0.98,1106.7984,27.499166666666667,18.794166666666666
Ghana,Millet,2017,153714.0,163483.97,1.0636,806.3556,27.97083333333333,18.88083333333333
Ghana,Millet,2018,142000.0,181564.3,1.2786,1005.7376,27.495,19.01
Ghana,Millet,2019,148000.0,230000.0,1.5540999999999998,1087.9255999999998,27.675833333333333,19.2425
Ghana,Millet,2020,139000.0,236000.0,1.6978,1030.394,27.276666666666667,19.115
Ghana,Millet,2021,125000.0,188000.0,1.504,1091.8828,27.7775,19.3375
Ghana,Millet,2022,138927.0,196308.0,1.413,1322.0092,26.808333333333334,18.78833333333333
Ghana,Millet,2023,163137.0,244000.0,1.4957,1209.99,27.25333333333333,18.97083333333333
Ghana,Millet,2024,135281.0,210000.0,1.5523,891.2832000000001,27.975,18.845
Kenya,Cassava,1984,46000.0,230000.0,5.0,1484.2544,18.773333333333333,21.60833333333333
Kenya,Cassava,1985,50000.0,635245.0,12.7049,1981.3396,18.3975,21.83666666666667
Kenya,Cassava,1986,53885.0,459450.0,8.5265,1646.1952000000003,18.718333333333334,20.356666666666666
Kenya,Cassava,1987,64800.0,550800.0,8.5,1975.8604000000005,18.848333333333333,20.415000000000003
Kenya,Cassava,1988,70000.0,650000.0,9.2857,2181.0260000000003,18.848333333333333,19.89333333333333
Kenya,Cassava,1989,57370.0,567908.0,9.899,2078.1388,18.161666666666665,20.854166666666668
Kenya,Cassava,1990,53282.0,578098.0,10.8498,1950.2908,18.336666666666662,21.105
Kenya,Cassava,1991,50000.0,500000.0,10.0,1809.3536,18.8325,21.36916666666667
Kenya,Cassava,1992,51369.0,526337.0,10.2462,1887.5844,18.82,21.171666666666667
Kenya,Cassava,1993,49822.0,512849.0,10.2936,1585.9240000000002,18.80333333333333,21.45583333333333
Kenya,Cassava,1994,51019.0,465789.0,9.1297,1956.6832,18.996666666666663,21.505
Kenya,Cassava,1995,46685.0,446121.0,9.556,1952.726,18.69333333333333,21.410833333333333
Kenya,Cassava,1996,66459.0,739983.0,11.1344,1590.49,18.506666666666668,21.004166666666663
Kenya,Cassava,1997,54590.0,518269.0,9.493799999999998,1937.8104000000003,19.00916666666667,21.168333333333333
Kenya,Cassava,1998,57094.0,460000.0,8.056899999999999,1757.6056,18.79583333333333,21.4625
Kenya,Cassava,1999,66467.0,678666.0,10.2106,1514.39,18.985833333333336,22.1325
Kenya,Cassava,2000,60273.0,418621.0,6.945399999999999,1273.6096,19.433333333333334,22.30333333333333
Kenya,Cassava,2001,78332.0,608493.0,7.7681,1724.426,18.9675,21.211666666666662
Kenya,Cassava,2002,81967.0,601976.0,7.3441,1599.0132000000003,19.255,21.44
Kenya,Cassava,2003,53635.0,423795.0,7.9015,1746.3428,19.051666666666662,21.6475
Kenya,Cassava,2004,57916.0,642868.0,11.1,1467.5124000000003,19.2275,21.4525
Kenya,Cassava,2005,38218.0,347819.0,9.1009,1241.0388,19.674166666666668,22.156666666666663
Kenya,Cassava,2006,68502.0,656633.0,9.5856,1749.3868,19.515833333333333,21.430833333333336
Kenya,Cassava,2007,53610.0,397705.0,7.4185,1648.6304000000002,18.51083333333333,21.325
Kenya,Cassava,2008,54672.0,750964.0,13.7358,1780.7400000000002,18.684166666666663,22.06833333333333
Kenya,Cassava,2009,70425.0,819967.0,11.6431,1417.2864,19.48583333333333,22.135
Kenya,Cassava,2010,61573.0,323389.0,5.2521,1985.6012,18.6825,21.15333333333333
Kenya,Cassava,2011,60473.0,679167.0,11.2309,2105.2304,18.694166666666668,21.6725
Kenya,Cassava,2012,73144.0,930922.0,12.7273,2158.8048,18.300833333333333,21.69333333333333
Kenya,Cassava,2013,65634.0,935089.0,14.247,1834.6188,18.505,21.4975
Kenya,Cassava,2014,63725.0,858461.0,13.4713,1553.3532000000002,18.95083333333333,21.76833333333333
Kenya,Cassava,2015,50354.0,709926.0,14.0987,2065.9628,19.25166666666667,22.195833333333336
Kenya,Cassava,2016,46535.0,571848.0,12.2886,1817.5724,18.9125,21.689166666666665
Kenya,Cassava,2017,68435.0,789830.0,11.5413,2236.1224,19.045,22.31583333333333
Kenya,Cassava,2018,61592.0,945990.91,15.359,2671.4144,18.43916666666667,21.015
Kenya,Cassava,2019,59630.0,845342.0,14.1765,2656.1944,19.266666666666666,21.7225
Kenya,Cassava,2020,61754.0,886722.31,14.3589,3450.6784,18.42,21.026666666666667
Kenya,Cassava,2021,61201.0,711890.0,11.632,1784.6972000000003,18.72,21.30333333333333
Kenya,Cassava,2022,72247.0,1087300.0,15.0498,1995.6464,18.88416666666667,21.3325
Kenya,Cassava,2023,76012.0,1187800.0,15.6265,2514.0396,19.1625,21.819166666666664
Kenya,Cassava,2024,81944.0,1207537.34,14.7361,2943.5480000000007,19.0175,20.616666666666667
Kenya,Maize,1984,985000.0,1422000.0,1.4437,1484.2544,18.773333333333333,21.60833333333333
Kenya,Maize,1985,1411000.0,2430000.0,1.7222,1981.3396,18.3975,21.83666666666667
Kenya,Maize,1986,1424600.0,2898000.0,2.0343,1646.1952000000003,18.718333333333334,20.356666666666666
Kenya,Maize,1987,1406956.0,2415600.0,1.7169,1975.8604000000005,18.848333333333333,20.415000000000003
Kenya,Maize,1988,1450939.0,2761200.0,1.903,2181.0260000000003,18.848333333333333,19.89333333333333
Kenya,Maize,1989,1420000.0,2630700.0,1.8526,2078.1388,18.161666666666665,20.854166666666668
Kenya,Maize,1990,1380000.0,2289600.0,1.6591,1950.2908,18.336666666666662,21.105
Kenya,Maize,1991,1310000.0,2400000.0,1.8321,1809.3536,18.8325,21.36916666666667
Kenya,Maize,1992,1407000.0,2430000.0,1.7271,1887.5844,18.82,21.171666666666667
Kenya,Maize,1993,1343500.0,2089000.0,1.5549000000000002,1585.9240000000002,18.80333333333333,21.45583333333333
Kenya,Maize,1994,1500000.0,3060000.0,2.04,1956.6832,18.996666666666663,21.505
Kenya,Maize,1995,1438740.0,2698863.0,1.8759,1952.726,18.69333333333333,21.410833333333333
Kenya,Maize,1996,1489000.0,2160000.0,1.4506,1590.49,18.506666666666668,21.004166666666663
Kenya,Maize,1997,1504820.0,2214000.0,1.4713,1937.8104000000003,19.00916666666667,21.168333333333333
Kenya,Maize,1998,1475740.0,2464101.0,1.6697,1757.6056,18.79583333333333,21.4625
Kenya,Maize,1999,1567240.0,2322140.0,1.4817,1514.39,18.985833333333336,22.1325
Kenya,Maize,2000,1500000.0,2160000.0,1.44,1273.6096,19.433333333333334,22.30333333333333
Kenya,Maize,2001,1640000.0,2790000.0,1.7012,1724.426,18.9675,21.211666666666662
Kenya,Maize,2002,1592315.0,2408596.0,1.5126,1599.0132000000003,19.255,21.44
Kenya,Maize,2003,1670914.0,2710848.0,1.6224,1746.3428,19.051666666666662,21.6475
Kenya,Maize,2004,1351327.0,2607139.0,1.9293,1467.5124000000003,19.2275,21.4525
Kenya,Maize,2005,1771123.0,2905559.0,1.6405,1241.0388,19.674166666666668,22.156666666666663
Kenya,Maize,2006,1888185.0,3247200.0,1.7197,1749.3868,19.515833333333333,21.430833333333336
Kenya,Maize,2007,1615304.0,2928793.0,1.8132,1648.6304000000002,18.51083333333333,21.325
Kenya,Maize,2008,1700000.0,2367237.0,1.3925,1780.7400000000002,18.684166666666663,22.06833333333333
Kenya,Maize,2009,1884368.0,2439000.0,1.2943,1417.2864,19.48583333333333,22.135
Kenya,Maize,2010,2008346.0,3464541.0,1.7251,1985.6012,18.6825,21.15333333333333
Kenya,Maize,2011,2131887.0,3376862.0,1.584,2105.2304,18.694166666666668,21.6725
Kenya,Maize,2012,2159322.0,3749880.0,1.7366,2158.8048,18.300833333333333,21.69333333333333
Kenya,Maize,2013,2123138.0,3592688.0,1.6922,1834.6188,18.505,21.4975
Kenya,Maize,2014,2116141.0,3513171.0,1.6602,1553.3532000000002,18.95083333333333,21.76833333333333
Kenya,Maize,2015,2098240.0,3825000.0,1.823,2065.9628,19.25166666666667,22.195833333333336
Kenya,Maize,2016,2337586.0,3339000.0,1.4284,1817.5724,18.9125,21.689166666666665
Kenya,Maize,2017,2086178.0,3186000.0,1.5272,2236.1224,19.045,22.31583333333333
Kenya,Maize,2018,2273283.0,4013777.44,1.7655999999999998,2671.4144,18.43916666666667,21.015
Kenya,Maize,2019,2296174.0,3582000.0,1.56,2656.1944,19.266666666666666,21.7225
Kenya,Maize,2020,2135741.0,3789000.0,1.7741,3450.6784,18.42,21.026666666666667
Kenya,Maize,2021,2168603.0,3304430.0,1.5238,1784.6972000000003,18.72,21.30333333333333
Kenya,Maize,2022,2113520.0,3082220.0,1.4583,1995.6464,18.88416666666667,21.3325
Kenya,Maize,2023,2430014.0,4285206.0,1.7634,2514.0396,19.1625,21.819166666666664
Kenya,Maize,2024,2414536.0,4023000.0,1.6662,2943.5480000000007,19.0175,20.616666666666667
Kenya,Millet,1984,29000.0,10000.0,0.3448,1484.2544,18.773333333333333,21.60833333333333
Kenya,Millet,1985,56000.0,60480.0,1.08,1981.3396,18.3975,21.83666666666667
Kenya,Millet,1986,71980.0,41217.0,0.5726,1646.1952000000003,18.718333333333334,20.356666666666666
Kenya,Millet,1987,110000.0,66000.0,0.6,1975.8604000000005,18.848333333333333,20.415000000000003
Kenya,Millet,1988,110350.0,71700.0,0.6497999999999999,2181.0260000000003,18.848333333333333,19.89333333333333
Kenya,Millet,1989,107310.0,71168.0,0.6632,2078.1388,18.161666666666665,20.854166666666668
Kenya,Millet,1990,96933.0,62786.0,0.6477,1950.2908,18.336666666666662,21.105
Kenya,Millet,1991,100419.0,52063.0,0.5185,1809.3536,18.8325,21.36916666666667
Kenya,Millet,1992,90272.0,48746.0,0.54,1887.5844,18.82,21.171666666666667
Kenya,Millet,1993,85139.0,58036.0,0.6817000000000001,1585.9240000000002,18.80333333333333,21.45583333333333
Kenya,Millet,1994,100000.0,69480.0,0.6948,1956.6832,18.996666666666663,21.505
Kenya,Millet,1995,90986.0,54142.0,0.5951000000000001,1952.726,18.69333333333333,21.410833333333333
Kenya,Millet,1996,85774.0,23159.0,0.27,1590.49,18.506666666666668,21.004166666666663
Kenya,Millet,1997,91773.0,38619.0,0.4208,1937.8104000000003,19.00916666666667,21.168333333333333
Kenya,Millet,1998,78988.0,34020.0,0.4306999999999999,1757.6056,18.79583333333333,21.4625
Kenya,Millet,1999,90082.0,59172.0,0.6568999999999999,1514.39,18.985833333333336,22.1325
Kenya,Millet,2000,93150.0,44623.0,0.479,1273.6096,19.433333333333334,22.30333333333333
Kenya,Millet,2001,104292.0,44623.0,0.4279,1724.426,18.9675,21.211666666666662
Kenya,Millet,2002,118570.0,72197.0,0.6089,1599.0132000000003,19.255,21.44
Kenya,Millet,2003,108258.0,63622.0,0.5877,1746.3428,19.051666666666662,21.6475
Kenya,Millet,2004,113223.0,50467.0,0.4457,1467.5124000000003,19.2275,21.4525
Kenya,Millet,2005,92430.0,53101.0,0.5745,1241.0388,19.674166666666668,22.156666666666663
Kenya,Millet,2006,137711.0,79207.0,0.5752,1749.3868,19.515833333333333,21.430833333333336
Kenya,Millet,2007,128114.0,119599.0,0.9335,1648.6304000000002,18.51083333333333,21.325
Kenya,Millet,2008,53155.0,38462.0,0.7236,1780.7400000000002,18.684166666666663,22.06833333333333
Kenya,Millet,2009,104576.0,54000.0,0.5164,1417.2864,19.48583333333333,22.135
Kenya,Millet,2010,99124.0,53881.0,0.5436,1985.6012,18.6825,21.15333333333333
Kenya,Millet,2011,111271.0,73396.0,0.6596000000000001,2105.2304,18.694166666666668,21.6725
Kenya,Millet,2012,118289.0,138204.0,1.1684,2158.8048,18.300833333333333,21.69333333333333
Kenya,Millet,2013,168291.0,138829.0,0.8249,1834.6188,18.505,21.4975
Kenya,Millet,2014,138829.0,126000.0,0.9076,1553.3532000000002,18.95083333333333,21.76833333333333
Kenya,Millet,2015,90263.0,99000.0,1.0968,2065.9628,19.25166666666667,22.195833333333336
Kenya,Millet,2016,88368.0,54000.0,0.6111,1817.5724,18.9125,21.689166666666665
Kenya,Millet,2017,126313.0,54000.0,0.4275,2236.1224,19.045,22.31583333333333
Kenya,Millet,2018,115200.0,72000.0,0.625,2671.4144,18.43916666666667,21.015
Kenya,Millet,2019,145601.0,135000.0,0.9272,2656.1944,19.266666666666666,21.7225
Kenya,Millet,2020,118411.0,153000.0,1.2920999999999998,3450.6784,18.42,21.026666666666667
Kenya,Millet,2021,126002.0,59180.0,0.4697,1784.6972000000003,18.72,21.30333333333333
Kenya,Millet,2022,108436.0,59459.0,0.5483,1995.6464,18.88416666666667,21.3325
Kenya,Millet,2023,129924.0,86762.0,0.6678,2514.0396,19.1625,21.819166666666664
Kenya,Millet,2024,112093.0,65762.58,0.5867,2943.5480000000007,19.0175,20.616666666666667
Mali,Cassava,1984,135.0,993.0,7.355600000000001,773.7847999999999,26.6075,20.831666666666667
Mali,Cassava,1985,140.0,1011.0,7.2214,1062.0516,26.14333333333333,21.0875
Mali,Cassava,1986,140.0,1029.0,7.35,973.1668,26.2025,21.058333333333334
Mali,Cassava,1987,145.0,1047.0,7.2207,934.508,27.4025,20.809166666666663
Mali,Cassava,1988,145.0,1064.0,7.337899999999999,995.9968,27.02833333333333,20.5325
Mali,Cassava,1989,150.0,1082.0,7.2133,780.4816,27.13583333333333,20.929166666666667
Mali,Cassava,1990,152.0,1102.0,7.25,929.6376,27.3325,21.536666666666665
Mali,Cassava,1991,155.0,1123.0,7.2604,986.5604,26.8,20.9275
Mali,Cassava,1992,155.0,1147.0,7.4,999.6496,26.53,20.875833333333333
Mali,Cassava,1993,160.0,1172.0,7.325,859.3212,27.631666666666664,20.973333333333333
Mali,Cassava,1994,163.0,1197.0,7.3436,1063.2692000000002,26.66416666666667,21.063333333333333
Mali,Cassava,1995,165.0,1222.0,7.4061,942.1180000000002,26.85,20.881666666666668
Mali,Cassava,1996,200.0,1800.0,9.0,808.4864,27.71,21.2125
Mali,Cassava,1997,500.0,5000.0,10.0,1031.0028,26.906666666666663,20.953333333333333
Mali,Cassava,1998,957.0,10480.0,10.9509,1166.7652,27.374166666666667,20.874166666666664
Mali,Cassava,1999,1264.0,11923.0,9.4328,983.212,26.66333333333333,20.7
Mali,Cassava,2000,1276.0,14787.0,11.5886,922.332,27.05666666666667,21.156666666666663
Mali,Cassava,2001,1973.0,17739.0,8.9909,779.8728000000001,27.5725,21.468333333333334
Mali,Cassava,2002,2086.0,24175.0,11.5892,729.038,28.23333333333333,20.98333333333333
Mali,Cassava,2003,2100.0,24200.0,11.5238,1033.438,27.477500000000003,20.92
Mali,Cassava,2004,752.0,13459.0,17.897599999999997,912.8956,27.8275,20.7175
Mali,Cassava,2005,3819.0,56062.0,14.679799999999998,839.5352,28.025,20.384166666666665
Mali,Cassava,2006,5335.0,96125.0,18.0178,889.1524000000001,27.391666666666666,21.051666666666662
Mali,Cassava,2007,5925.0,96125.0,16.2236,862.0608000000001,27.514166666666668,20.6425
Mali,Cassava,2008,4540.0,72739.97,16.022,1088.23,26.8875,21.101666666666667
Mali,Cassava,2009,4404.0,79602.0,18.074900000000003,993.866,27.1525,20.40083333333333
Mali,Cassava,2010,2480.0,38172.0,15.3919,1311.0508,26.95,20.325
Mali,Cassava,2011,3032.0,47042.94,15.5171,956.1204,26.764166666666668,20.94333333333333
Mali,Cassava,2012,3588.0,56146.06,15.6483,1186.8556,26.495,20.4075
Mali,Cassava,2013,3991.0,61788.44,15.4832,971.9492,27.15083333333333,21.276666666666667
Mali,Cassava,2014,3597.0,52152.0,14.4987,1168.8960000000002,26.94666666666667,21.160833333333333
Mali,Cassava,2015,2793.0,42345.0,15.1585,1052.9196,26.805833333333336,20.654166666666665
Mali,Cassava,2016,7768.0,118863.0,15.3016,1209.99,26.973333333333333,20.776666666666667
Mali,Cassava,2017,6897.0,101447.0,14.7089,1075.7496,27.35833333333333,20.916666666666668
Mali,Cassava,2018,8228.0,138023.0,16.7748,1311.6596,26.776666666666667,20.6075
Mali,Cassava,2019,5905.0,70312.0,11.9072,1196.5964,26.725,21.2075
Mali,Cassava,2020,10597.0,164842.14,15.5556,1224.6012,26.625833333333333,20.898333333333333
Mali,Cassava,2021,9685.0,120716.0,12.4642,1130.5416000000002,27.22583333333333,21.205
Mali,Cassava,2022,7845.0,123001.0,15.6789,827.9680000000001,27.29583333333333,20.246666666666663
Mali,Cassava,2023,8926.0,131399.0,14.7209,939.9872,28.2075,20.86583333333333
Mali,Cassava,2024,10765.0,178399.89,16.573,1406.0236,27.4075,20.454166666666666
Mali,Maize,1984,89310.0,101440.0,1.1358,773.7847999999999,26.6075,20.831666666666667
Mali,Maize,1985,109042.0,140066.0,1.2845,1062.0516,26.14333333333333,21.0875
Mali,Maize,1986,128984.0,213423.0,1.6545999999999998,973.1668,26.2025,21.058333333333334
Mali,Maize,1987,118144.0,178609.0,1.5118,934.508,27.4025,20.809166666666663
Mali,Maize,1988,142902.0,214519.0,1.5012,995.9968,27.02833333333333,20.5325
Mali,Maize,1989,174612.0,225393.0,1.2908,780.4816,27.13583333333333,20.929166666666667
Mali,Maize,1990,169958.0,196579.0,1.1566,929.6376,27.3325,21.536666666666665
Mali,Maize,1991,185749.0,256775.0,1.3824,986.5604,26.8,20.9275
Mali,Maize,1992,191563.0,192530.0,1.005,999.6496,26.53,20.875833333333333
Mali,Maize,1993,256925.0,283373.0,1.1029,859.3212,27.631666666666664,20.973333333333333
Mali,Maize,1994,284208.0,322493.0,1.1347,1063.2692000000002,26.66416666666667,21.063333333333333
Mali,Maize,1995,207230.0,266136.0,1.2843,942.1180000000002,26.85,20.881666666666668
Mali,Maize,1996,185664.0,294183.0,1.5845,808.4864,27.71,21.2125
Mali,Maize,1997,202814.0,343357.0,1.693,1031.0028,26.906666666666663,20.953333333333333
Mali,Maize,1998,239379.0,392972.0,1.6416,1166.7652,27.374166666666667,20.874166666666664
Mali,Maize,1999,426300.0,619896.0,1.4541,983.212,26.66333333333333,20.7
Mali,Maize,2000,161053.0,214548.0,1.3322,922.332,27.05666666666667,21.156666666666663
Mali,Maize,2001,260627.0,301931.0,1.1585,779.8728000000001,27.5725,21.468333333333334
Mali,Maize,2002,318161.0,365174.0,1.1478,729.038,28.23333333333333,20.98333333333333
Mali,Maize,2003,316683.0,454758.0,1.436,1033.438,27.477500000000003,20.92
Mali,Maize,2004,252311.0,459463.0,1.821,912.8956,27.8275,20.7175
Mali,Maize,2005,424861.0,634464.0,1.4932999999999998,839.5352,28.025,20.384166666666665
Mali,Maize,2006,412484.0,706737.0,1.7134,889.1524000000001,27.391666666666666,21.051666666666662
Mali,Maize,2007,409916.0,689918.0,1.6830999999999998,862.0608000000001,27.514166666666668,20.6425
Mali,Maize,2008,352263.0,695073.0,1.9732,1088.23,26.8875,21.101666666666667
Mali,Maize,2009,442890.0,1476993.0,3.3349,993.866,27.1525,20.40083333333333
Mali,Maize,2010,504362.0,1356043.0,2.6886,1311.0508,26.95,20.325
Mali,Maize,2011,924850.0,1298234.0,1.4037,956.1204,26.764166666666668,20.94333333333333
Mali,Maize,2012,580881.0,1418907.0,2.4427,1186.8556,26.495,20.4075
Mali,Maize,2013,630832.0,1635564.0,2.5927,971.9492,27.15083333333333,21.276666666666667
Mali,Maize,2014,803136.0,1744026.0,2.1715,1168.8960000000002,26.94666666666667,21.160833333333333
Mali,Maize,2015,899640.0,2276036.0,2.5299,1052.9196,26.805833333333336,20.654166666666665
Mali,Maize,2016,1031522.0,2811385.0,2.7255,1209.99,26.973333333333333,20.776666666666667
Mali,Maize,2017,1233008.0,3598205.0,2.9182,1075.7496,27.35833333333333,20.916666666666668
Mali,Maize,2018,1258559.0,3624949.97,2.8802,1311.6596,26.776666666666667,20.6075
Mali,Maize,2019,1432151.0,3816536.0,2.6649000000000003,1196.5964,26.725,21.2075
Mali,Maize,2020,1170148.0,3516865.0,3.0055,1224.6012,26.625833333333333,20.898333333333333
Mali,Maize,2021,1536189.0,3603000.0,2.3454,1130.5416000000002,27.22583333333333,21.205
Mali,Maize,2022,1454000.0,3904687.0,2.6855,827.9680000000001,27.29583333333333,20.246666666666663
Mali,Maize,2023,1509160.0,3386941.0,2.2443,939.9872,28.2075,20.86583333333333
Mali,Maize,2024,1598149.0,3952763.0,2.4733,1406.0236,27.4075,20.454166666666666
Mali,Millet,1984,909571.0,506521.0,0.5569,773.7847999999999,26.6075,20.831666666666667
Mali,Millet,1985,840688.0,871312.0,1.0364,1062.0516,26.14333333333333,21.0875
Mali,Millet,1986,821877.0,805763.0,0.9804,973.1668,26.2025,21.058333333333334
Mali,Millet,1987,781763.0,693526.0,0.8871,934.508,27.4025,20.809166666666663
Mali,Millet,1988,1195898.0,999901.0,0.8361000000000001,995.9968,27.02833333333333,20.5325
Mali,Millet,1989,1083091.0,841793.0,0.7772,780.4816,27.13583333333333,20.929166666666667
Mali,Millet,1990,1213367.0,737007.0,0.6073999999999999,929.6376,27.3325,21.536666666666665
Mali,Millet,1991,1074722.0,889896.0,0.828,986.5604,26.8,20.9275
Mali,Millet,1992,1060515.0,582296.0,0.5491,999.6496,26.53,20.875833333333333
Mali,Millet,1993,1345856.0,708062.0,0.5261,859.3212,27.631666666666664,20.973333333333333
Mali,Millet,1994,1403831.0,897592.0,0.6394,1063.2692000000002,26.66416666666667,21.063333333333333
Mali,Millet,1995,1285540.0,706666.0,0.5497000000000001,942.1180000000002,26.85,20.881666666666668
Mali,Millet,1996,935655.0,738856.0,0.7897000000000001,808.4864,27.71,21.2125
Mali,Millet,1997,878941.0,641088.0,0.7293999999999999,1031.0028,26.906666666666663,20.953333333333333
Mali,Millet,1998,910816.0,813615.0,0.8933,1166.7652,27.374166666666667,20.874166666666664
Mali,Millet,1999,932307.0,818905.0,0.8784,983.212,26.66333333333333,20.7
Mali,Millet,2000,1078624.0,759114.0,0.7038,922.332,27.05666666666667,21.156666666666663
Mali,Millet,2001,1142388.0,792548.0,0.6938,779.8728000000001,27.5725,21.468333333333334
Mali,Millet,2002,1557590.0,795146.0,0.5105,729.038,28.23333333333333,20.98333333333333
Mali,Millet,2003,1888889.0,1260498.0,0.6673,1033.438,27.477500000000003,20.92
Mali,Millet,2004,1184607.0,974673.0,0.8228,912.8956,27.8275,20.7175
Mali,Millet,2005,1484190.0,1157810.0,0.7801,839.5352,28.025,20.384166666666665
Mali,Millet,2006,1495860.0,1128773.0,0.7546,889.1524000000001,27.391666666666666,21.051666666666662
Mali,Millet,2007,1586278.0,1175107.0,0.7407999999999999,862.0608000000001,27.514166666666668,20.6425
Mali,Millet,2008,1576208.0,1413908.0,0.897,1088.23,26.8875,21.101666666666667
Mali,Millet,2009,1439713.0,1449592.0,1.0069,993.866,27.1525,20.40083333333333
Mali,Millet,2010,1257043.0,1373342.0,1.0925,1311.0508,26.95,20.325
Mali,Millet,2011,2283665.0,1462139.0,0.6403,956.1204,26.764166666666668,20.94333333333333
Mali,Millet,2012,1873644.0,1680308.0,0.8967999999999999,1186.8556,26.495,20.4075
Mali,Millet,2013,1967200.0,1854175.0,0.9425,971.9492,27.15083333333333,21.276666666666667
Mali,Millet,2014,1743423.0,1715044.0,0.9837,1168.8960000000002,26.94666666666667,21.160833333333333
Mali,Millet,2015,1943002.0,1864301.0,0.9595,1052.9196,26.805833333333336,20.654166666666665
Mali,Millet,2016,2040152.0,1806559.0,0.8855,1209.99,26.973333333333333,20.776666666666667
Mali,Millet,2017,2155729.0,1492650.0,0.6924,1075.7496,27.35833333333333,20.916666666666668
Mali,Millet,2018,2158263.0,1840320.81,0.8527,1311.6596,26.776666666666667,20.6075
Mali,Millet,2019,1989953.0,1878527.0,0.944,1196.5964,26.725,21.2075
Mali,Millet,2020,2164374.0,1921171.0,0.8876000000000001,1224.6012,26.625833333333333,20.898333333333333
Mali,Millet,2021,2079082.0,1487683.0,0.7155,1130.5416000000002,27.22583333333333,21.205
Mali,Millet,2022,2104437.0,1844664.0,0.8766,827.9680000000001,27.29583333333333,20.246666666666663
Mali,Millet,2023,2155827.0,1942580.0,0.9011,939.9872,28.2075,20.86583333333333
Mali,Millet,2024,2123057.0,1984982.0,0.935,1406.0236,27.4075,20.454166666666666
Nigeria,Cassava,1984,1259000.0,11800000.0,9.3725,1570.7040000000002,22.849166666666665,20.828333333333333
Nigeria,Cassava,1985,1075000.0,12090000.0,11.2465,1359.4504,22.780833333333334,21.229166666666668
Nigeria,Cassava,1986,1095000.0,12388000.0,11.3132,1638.2808,23.125,20.9
Nigeria,Cassava,1987,1288000.0,13876000.0,10.7733,1542.0904,23.63,20.97583333333333
Nigeria,Cassava,1988,1347000.0,15439000.0,11.461799999999998,1858.6664,23.254166666666663,20.6625
Nigeria,Cassava,1989,1639778.0,17404000.0,10.6136,1963.0756000000003,22.409166666666664,20.785
Nigeria,Cassava,1990,1634130.0,19043008.0,11.6533,1476.0356000000002,23.495833333333334,21.076666666666668
Nigeria,Cassava,1991,2551000.0,26004000.0,10.1936,1574.0524,23.26833333333333,20.749166666666667
Nigeria,Cassava,1992,2755000.0,29184000.0,10.5931,1700.6828,22.691666666666663,20.3875
Nigeria,Cassava,1993,2844000.0,30128000.0,10.5935,1742.0812,22.9625,21.050833333333333
Nigeria,Cassava,1994,2927000.0,31005000.0,10.5928,2122.2768,22.545,20.665
Nigeria,Cassava,1995,2944000.0,31404000.0,10.6671,1816.3548,22.791666666666668,20.383333333333333
Nigeria,Cassava,1996,2946000.0,31418000.0,10.6646,1849.23,22.910833333333333,20.819166666666664
Nigeria,Cassava,1997,2697400.0,32050000.0,11.8818,1778.0004,22.92833333333333,20.735833333333336
Nigeria,Cassava,1998,3042500.0,32695000.0,10.7461,1908.8924,23.35166666666667,20.424166666666668
Nigeria,Cassava,1999,3406000.0,32697000.0,9.5998,869.6708,24.2775,20.786666666666665
Nigeria,Cassava,2000,3300000.0,32010000.0,9.7,1924.7212,24.07333333333333,20.773333333333333
Nigeria,Cassava,2001,3340000.0,32068000.0,9.6012,1532.6539999999998,22.6475,21.00333333333333
Nigeria,Cassava,2002,3446000.0,34120000.0,9.9013,1640.7160000000003,23.31083333333333,20.8225
Nigeria,Cassava,2003,3490000.0,36304000.0,10.4023,1341.7951999999998,23.790000000000003,20.87833333333333
Nigeria,Cassava,2004,3531000.0,38845000.0,11.0011,745.1712000000001,24.989166666666662,20.485
Nigeria,Cassava,2005,3782000.0,41565000.0,10.990200000000002,912.2868,25.815,19.95083333333333
Nigeria,Cassava,2006,3810000.0,45721000.0,12.0003,842.2748,25.6325,20.246666666666663
Nigeria,Cassava,2007,3875000.0,43410000.0,11.2026,1567.3556,24.2125,20.105833333333333
Nigeria,Cassava,2008,3778000.0,44582000.0,11.8004,1215.7735999999998,23.84583333333333,20.21583333333333
Nigeria,Cassava,2009,3129030.0,36822248.0,11.7679,906.8076,24.971666666666668,20.156666666666663
Nigeria,Cassava,2010,3481900.0,42533180.0,12.2155,1225.5144,24.890833333333333,20.0425
Nigeria,Cassava,2011,4120166.0,46190248.0,11.2108,1074.532,24.396666666666665,20.47083333333333
Nigeria,Cassava,2012,6401996.0,50950292.0,7.9585,1669.9384,24.0775,19.569166666666664
Nigeria,Cassava,2013,6741300.0,47406770.0,7.0323,729.038,24.8025,20.23
Nigeria,Cassava,2014,7096300.0,54324700.0,7.655399999999999,1205.4240000000002,25.125,20.195833333333333
Nigeria,Cassava,2015,7900630.0,57405060.0,7.265899999999999,1522.0,24.555000000000003,20.015833333333333
Nigeria,Cassava,2016,6668996.0,60529864.0,9.0763,1620.0168,24.05,20.2375
Nigeria,Cassava,2017,6761350.0,61350199.0,9.0737,1637.6719999999998,24.16,20.3375
Nigeria,Cassava,2018,6949400.0,65350850.0,9.4038,1436.7680000000005,24.144166666666667,20.3325
Nigeria,Cassava,2019,9776650.0,56969160.0,5.827100000000001,1611.1892000000005,24.486666666666665,19.9025
Nigeria,Cassava,2020,9614230.0,55565610.0,5.7795,3377.9268,23.144166666666667,20.29
Nigeria,Cassava,2021,9979330.0,58237500.0,5.8358,6319.6484,23.355833333333333,20.734166666666667
Nigeria,Cassava,2022,10043720.0,61359000.56,6.1092,4958.9804,22.44333333333333,19.65833333333333
Nigeria,Cassava,2023,10127666.0,62751586.43,6.1961,2446.7672,24.00333333333333,20.1075
Nigeria,Cassava,2024,10722539.0,62624946.19,5.8405,1909.1968,24.2225,19.63083333333333
Nigeria,Maize,1984,1050000.0,1196000.0,1.139,1570.7040000000002,22.849166666666665,20.828333333333333
Nigeria,Maize,1985,1556000.0,1826000.0,1.1735,1359.4504,22.780833333333334,21.229166666666668
Nigeria,Maize,1986,2800000.0,3550000.0,1.2679,1638.2808,23.125,20.9
Nigeria,Maize,1987,3408000.0,4612000.0,1.3533,1542.0904,23.63,20.97583333333333
Nigeria,Maize,1988,3212000.0,5268000.0,1.6401,1858.6664,23.254166666666663,20.6625
Nigeria,Maize,1989,3590000.0,5008000.0,1.395,1963.0756000000003,22.409166666666664,20.785
Nigeria,Maize,1990,5104000.0,5768000.0,1.1301,1476.0356000000002,23.495833333333334,21.076666666666668
Nigeria,Maize,1991,5142000.0,5810000.0,1.1299,1574.0524,23.26833333333333,20.749166666666667
Nigeria,Maize,1992,5223000.0,5840000.0,1.1181,1700.6828,22.691666666666663,20.3875
Nigeria,Maize,1993,5309000.0,6290000.0,1.1848,1742.0812,22.9625,21.050833333333333
Nigeria,Maize,1994,5426000.0,6902000.0,1.272,2122.2768,22.545,20.665
Nigeria,Maize,1995,5472000.0,6931000.0,1.2666,1816.3548,22.791666666666668,20.383333333333333
Nigeria,Maize,1996,4273400.0,5667000.0,1.3260999999999998,1849.23,22.910833333333333,20.819166666666664
Nigeria,Maize,1997,4200000.0,5254000.0,1.251,1778.0004,22.92833333333333,20.735833333333336
Nigeria,Maize,1998,3884000.0,5127000.0,1.32,1908.8924,23.35166666666667,20.424166666666668
Nigeria,Maize,1999,3423000.0,5476000.0,1.5998,869.6708,24.2775,20.786666666666665
Nigeria,Maize,2000,3159000.0,4107000.0,1.3000999999999998,1924.7212,24.07333333333333,20.773333333333333
Nigeria,Maize,2001,3283000.0,4596000.0,1.3999,1532.6539999999998,22.6475,21.00333333333333
Nigeria,Maize,2002,3282000.0,4890000.0,1.4899,1640.7160000000003,23.31083333333333,20.8225
Nigeria,Maize,2003,3469000.0,5203000.0,1.4999,1341.7951999999998,23.790000000000003,20.87833333333333
Nigeria,Maize,2004,3479000.0,5567000.0,1.6002,745.1712000000001,24.989166666666662,20.485
Nigeria,Maize,2005,3589000.0,5957000.0,1.6598,912.2868,25.815,19.95083333333333
Nigeria,Maize,2006,3905000.0,7100000.0,1.8182,842.2748,25.6325,20.246666666666663
Nigeria,Maize,2007,3944000.0,6724000.0,1.7049,1567.3556,24.2125,20.105833333333333
Nigeria,Maize,2008,3845000.0,7525000.0,1.9571,1215.7735999999998,23.84583333333333,20.21583333333333
Nigeria,Maize,2009,3350560.0,7358260.0,2.1961,906.8076,24.971666666666668,20.156666666666663
Nigeria,Maize,2010,4149310.0,7676850.0,1.8502,1225.5144,24.890833333333333,20.0425
Nigeria,Maize,2011,5456540.0,8878456.0,1.6271,1074.532,24.396666666666665,20.47083333333333
Nigeria,Maize,2012,5751300.0,8694900.0,1.5118,1669.9384,24.0775,19.569166666666664
Nigeria,Maize,2013,5762700.0,8422670.0,1.4616,729.038,24.8025,20.23
Nigeria,Maize,2014,6346551.0,10790600.0,1.7002000000000002,1205.4240000000002,25.125,20.195833333333333
Nigeria,Maize,2015,5550360.0,9540190.0,1.7188,1522.0,24.555000000000003,20.015833333333333
Nigeria,Maize,2016,5904906.0,10532340.0,1.7837,1620.0168,24.05,20.2375
Nigeria,Maize,2017,6389296.0,10632299.0,1.6641,1637.6719999999998,24.16,20.3375
Nigeria,Maize,2018,6541183.0,10934149.0,1.6716,1436.7680000000005,24.144166666666667,20.3325
Nigeria,Maize,2019,6783924.0,12598945.0,1.8572,1611.1892000000005,24.486666666666665,19.9025
Nigeria,Maize,2020,6048600.0,12403300.0,2.0506,3377.9268,23.144166666666667,20.29
Nigeria,Maize,2021,6205280.0,12744450.0,2.0538000000000003,6319.6484,23.355833333333333,20.734166666666667
Nigeria,Maize,2022,5800000.0,12948920.0,2.2326,4958.9804,22.44333333333333,19.65833333333333
Nigeria,Maize,2023,5700000.0,11053000.0,1.9391,2446.7672,24.00333333333333,20.1075
Nigeria,Maize,2024,5500000.0,11164000.0,2.0298,1909.1968,24.2225,19.63083333333333
Nigeria,Millet,1984,2133000.0,3349000.0,1.5700999999999998,1570.7040000000002,22.849166666666665,20.828333333333333
Nigeria,Millet,1985,2346000.0,3584000.0,1.5277,1359.4504,22.780833333333334,21.229166666666668
Nigeria,Millet,1986,3917000.0,4111000.0,1.0495,1638.2808,23.125,20.9
Nigeria,Millet,1987,3829000.0,3905000.0,1.0198,1542.0904,23.63,20.97583333333333
Nigeria,Millet,1988,3563000.0,3949000.0,1.1083,1858.6664,23.254166666666663,20.6625
Nigeria,Millet,1989,4067000.0,4770000.0,1.1729,1963.0756000000003,22.409166666666664,20.785
Nigeria,Millet,1990,4778000.0,5136000.0,1.0749000000000002,1476.0356000000002,23.495833333333334,21.076666666666668
Nigeria,Millet,1991,4560000.0,4109000.0,0.9011,1574.0524,23.26833333333333,20.749166666666667
Nigeria,Millet,1992,4367000.0,4501000.0,1.0307,1700.6828,22.691666666666663,20.3875
Nigeria,Millet,1993,4850000.0,4602000.0,0.9489,1742.0812,22.9625,21.050833333333333
Nigeria,Millet,1994,5007000.0,4757000.0,0.9501,2122.2768,22.545,20.665
Nigeria,Millet,1995,5107000.0,5563000.0,1.0893,1816.3548,22.791666666666668,20.383333333333333
Nigeria,Millet,1996,5356000.0,5681000.0,1.0607,1849.23,22.910833333333333,20.819166666666664
Nigeria,Millet,1997,5487000.0,5902000.0,1.0756,1778.0004,22.92833333333333,20.735833333333336
Nigeria,Millet,1998,5596000.0,5956000.0,1.0643,1908.8924,23.35166666666667,20.424166666666668
Nigeria,Millet,1999,5603000.0,5960000.0,1.0637,869.6708,24.2775,20.786666666666665
Nigeria,Millet,2000,5814000.0,6105000.0,1.0500999999999998,1924.7212,24.07333333333333,20.773333333333333
Nigeria,Millet,2001,4254000.0,5530000.0,1.3,1532.6539999999998,22.6475,21.00333333333333
Nigeria,Millet,2002,4490000.0,5884000.0,1.3105,1640.7160000000003,23.31083333333333,20.8225
Nigeria,Millet,2003,4536000.0,6260000.0,1.3801,1341.7951999999998,23.790000000000003,20.87833333333333
Nigeria,Millet,2004,4620000.0,6699000.0,1.45,745.1712000000001,24.989166666666662,20.485
Nigeria,Millet,2005,4685000.0,7168000.0,1.53,912.2868,25.815,19.95083333333333
Nigeria,Millet,2006,4971000.0,7705000.0,1.55,842.2748,25.6325,20.246666666666663
Nigeria,Millet,2007,5056000.0,8090000.0,1.6001,1567.3556,24.2125,20.105833333333333
Nigeria,Millet,2008,4904000.0,9064000.0,1.8483,1215.7735999999998,23.84583333333333,20.21583333333333
Nigeria,Millet,2009,3787730.0,4929950.0,1.3016,906.8076,24.971666666666668,20.156666666666663
Nigeria,Millet,2010,4364140.0,5170430.0,1.1848,1225.5144,24.890833333333333,20.0425
Nigeria,Millet,2011,2827090.0,1271370.0,0.4497,1074.532,24.396666666666665,20.47083333333333
Nigeria,Millet,2012,1328200.0,1280700.0,0.9642,1669.9384,24.0775,19.569166666666664
Nigeria,Millet,2013,1485200.0,909560.0,0.6123999999999999,729.038,24.8025,20.23
Nigeria,Millet,2014,1574400.0,1846200.0,1.1726,1205.4240000000002,25.125,20.195833333333333
Nigeria,Millet,2015,1742803.0,1807810.0,1.0373,1522.0,24.555000000000003,20.015833333333333
Nigeria,Millet,2016,1737830.0,1487220.0,0.8558,1620.0168,24.05,20.2375
Nigeria,Millet,2017,1800069.0,1528250.0,0.849,1637.6719999999998,24.16,20.3375
Nigeria,Millet,2018,1734330.0,1879340.0,1.0836,1436.7680000000005,24.144166666666667,20.3325
Nigeria,Millet,2019,1747800.0,1925075.0,1.1014000000000002,1611.1892000000005,24.486666666666665,19.9025
Nigeria,Millet,2020,1762280.0,1905430.0,1.0812,3377.9268,23.144166666666667,20.29
Nigeria,Millet,2021,1767390.0,1926950.0,1.0903,6319.6484,23.355833333333333,20.734166666666667
Nigeria,Millet,2022,2000000.0,1941220.0,0.9706,4958.9804,22.44333333333333,19.65833333333333
Nigeria,Millet,2023,2000000.0,1559000.0,0.7795,2446.7672,24.00333333333333,20.1075
Nigeria,Millet,2024,1900000.0,1550000.0,0.8158,1909.1968,24.2225,19.63083333333333
